date,max_temp,min_temp,avg_temp,depart,HDD,CDD,precip,new_snow,snow_depth
2000-03-01,64,40,52,8.8,13,0,T,0,0
2000-03-02,60,39,49.5,6.1,15,0,0,0,0
2000-03-03,54,35,44.5,0.8,20,0,0,0,0
2000-03-04,58,35,46.5,2.6,18,0,0,0,0
2000-03-05,67,41,54,9.8,11,0,0,0,0
2000-03-06,61,40,50.5,6,14,0,0,0,0
2000-03-07,70,38,54,9.3,11,0,0,0,0
2000-03-08,85,50,67.5,22.5,0,3,0,0,0
2000-03-09,79,52,65.5,20.2,0,1,T,0,0
2000-03-10,72,55,63.5,17.9,1,0,0,0,0
2000-03-11,58,50,54,8.1,11,0,0.06,0,0
2000-03-12,55,38,46.5,0.3,18,0,0.18,0,0
2000-03-13,50,33,41.5,-4.9,23,0,0,0,0
2000-03-14,60,36,48,1.3,17,0,0,0,0
2000-03-15,70,45,57.5,10.4,7,0,0,0,0
2000-03-16,69,53,61,13.6,4,0,0.3,0,0
2000-03-17,61,33,47,-0.7,18,0,0.09,0,0
2000-03-18,42,27,34.5,-13.5,30,0,0,0,0
2000-03-19,47,32,39.5,-8.8,25,0,0,0,0
2000-03-20,49,40,44.5,-4.2,20,0,0.01,0,0
2000-03-21,43,41,42,-7,23,0,1.82,0,0
2000-03-22,48,42,45,-4.3,20,0,0.16,0,0
2000-03-23,63,42,52.5,2.8,12,0,0,0,0
2000-03-24,69,44,56.5,6.5,8,0,0,0,0
2000-03-25,75,47,61,10.6,4,0,0.42,0,0
2000-03-26,67,50,58.5,7.8,6,0,0,0,0
2000-03-27,69,43,56,4.9,9,0,0.89,0,0
2000-03-28,60,47,53.5,2,11,0,0.05,0,0
2000-03-29,62,43,52.5,0.7,12,0,0,0,0
2000-03-30,64,41,52.5,0.3,12,0,0,0,0
2000-03-31,60,40,50,-2.6,15,0,0,0,0
2001-03-01,50,28,39,-4.2,26,0,0,0,0
2001-03-02,58,36,47,3.6,18,0,0,0,0
2001-03-03,59,38,48.5,4.8,16,0,0,0,0
2001-03-04,47,37,42,-1.9,23,0,0.3,0,0
2001-03-05,43,28,35.5,-8.7,29,0,0.05,0.2,0
2001-03-06,39,25,32,-12.5,33,0,T,T,0
2001-03-07,51,34,42.5,-2.2,22,0,0,0,0
2001-03-08,50,30,40,-5,25,0,0,0,0
2001-03-09,46,34,40,-5.3,25,0,T,0,0
2001-03-10,49,31,40,-5.6,25,0,0,0,0
2001-03-11,66,32,49,3.1,16,0,0,0,0
2001-03-12,55,35,45,-1.2,20,0,0.28,0,0
2001-03-13,63,40,51.5,5.1,13,0,0.15,0,0
2001-03-14,61,43,52,5.3,13,0,0,0,0
2001-03-15,53,39,46,-1.1,19,0,0.3,0,0
2001-03-16,51,43,47,-0.4,18,0,0.02,0,0
2001-03-17,55,41,48,0.3,17,0,T,0,0
2001-03-18,52,35,43.5,-4.5,21,0,0,0,0
2001-03-19,55,32,43.5,-4.8,21,0,0,0,0
2001-03-20,53,34,43.5,-5.2,21,0,0.18,0,0
2001-03-21,49,43,46,-3,19,0,1.09,0,0
2001-03-22,54,42,48,-1.3,17,0,T,0,0
2001-03-23,61,39,50,0.3,15,0,0,0,0
2001-03-24,66,37,51.5,1.5,13,0,T,0,0
2001-03-25,50,32,41,-9.4,24,0,0,0,0
2001-03-26,40,29,34.5,-16.2,30,0,0,0,0
2001-03-27,43,25,34,-17.1,31,0,0,0,0
2001-03-28,50,28,39,-12.5,26,0,0,0,0
2001-03-29,44,38,41,-10.8,24,0,1.24,0,0
2001-03-30,57,42,49.5,-2.7,15,0,0.22,0,0
2001-03-31,50,42,46,-6.6,19,0,0.05,0,0
2002-03-01,51,26,38.5,-4.7,26,0,0,0,0
2002-03-02,54,35,44.5,1.1,20,0,0.77,0,0
2002-03-03,58,36,47,3.3,18,0,0.03,0,0
2002-03-04,36,21,28.5,-15.4,36,0,0,0,0
2002-03-05,45,19,32,-12.2,33,0,0,0,0
2002-03-06,64,34,49,4.5,16,0,0,0,0
2002-03-07,69,40,54.5,9.8,10,0,0,0,0
2002-03-08,72,40,56,11,9,0,0,0,0
2002-03-09,69,50,59.5,14.2,5,0,0.04,0,0
2002-03-10,67,34,50.5,4.9,14,0,0.19,0,0
2002-03-11,46,30,38,-7.9,27,0,0,0,0
2002-03-12,46,36,41,-5.2,24,0,0.35,0,0
2002-03-13,51,45,48,1.6,17,0,0.21,0,0
2002-03-14,69,47,58,11.3,7,0,0,0,0
2002-03-15,80,51,65.5,18.4,0,1,0,0,0
2002-03-16,72,46,59,11.6,6,0,0.01,0,0
2002-03-17,46,39,42.5,-5.2,22,0,0.22,0,0
2002-03-18,48,40,44,-4,21,0,0.16,0,0
2002-03-19,53,43,48,-0.3,17,0,0.15,0,0
2002-03-20,52,42,47,-1.7,18,0,0.48,0,0
2002-03-21,59,33,46,-3,19,0,0,0,0
2002-03-22,38,24,31,-18.3,34,0,0,0,0
2002-03-23,53,26,39.5,-10.2,25,0,0,0,0
2002-03-24,64,34,49,-1,16,0,0,0,0
2002-03-25,60,44,52,1.6,13,0,0,0,0
2002-03-26,52,41,46.5,-4.2,18,0,0.5,0,0
2002-03-27,52,39,45.5,-5.6,19,0,T,0,0
2002-03-28,54,33,43.5,-8,21,0,0,0,0
2002-03-29,67,43,55,3.2,10,0,T,0,0
2002-03-30,70,57,63.5,11.3,1,0,T,0,0
2002-03-31,60,49,54.5,1.9,10,0,0.26,0,0
2003-03-01,40,33,36.5,-6.7,28,0,0.01,0.1,3
2003-03-02,52,36,44,0.6,21,0,0.41,0,1
2003-03-03,42,20,31,-12.7,34,0,T,T,0
2003-03-04,46,23,34.5,-9.4,30,0,0,0,0
2003-03-05,68,38,53,8.8,12,0,0.07,0,0
2003-03-06,49,30,39.5,-5,25,0,0.22,0,0
2003-03-07,38,25,31.5,-13.2,33,0,0,0,0
2003-03-08,57,29,43,-2,22,0,0,0,0
2003-03-09,61,31,46,0.7,19,0,0,0,0
2003-03-10,40,26,33,-12.6,32,0,0,0,0
2003-03-11,44,29,36.5,-9.4,28,0,T,T,0
2003-03-12,59,32,45.5,-0.7,19,0,0,0,0
2003-03-13,69,41,55,8.6,10,0,0.16,0,0
2003-03-14,45,30,37.5,-9.2,27,0,0,0,0
2003-03-15,59,32,45.5,-1.6,19,0,0,0,0
2003-03-16,67,43,55,7.6,10,0,0.01,0,0
2003-03-17,63,53,58,10.3,7,0,0.01,0,0
2003-03-18,70,50,60,12,5,0,0,0,0
2003-03-19,50,39,44.5,-3.8,20,0,T,0,0
2003-03-20,51,39,45,-3.7,20,0,1.95,0,0
2003-03-21,58,42,50,1,15,0,0.02,0,0
2003-03-22,67,43,55,5.7,10,0,0,0,0
2003-03-23,65,47,56,6.3,9,0,0,0,0
2003-03-24,67,45,56,6,9,0,0,0,0
2003-03-25,71,46,58.5,8.1,6,0,0,0,0
2003-03-26,76,47,61.5,10.8,3,0,0.43,0,0
2003-03-27,65,41,53,1.9,12,0,0,0,0
2003-03-28,58,44,51,-0.5,14,0,0.05,0,0
2003-03-29,72,53,62.5,10.7,2,0,0.39,0,0
2003-03-30,53,34,43.5,-8.7,21,0,0.47,T,0
2003-03-31,45,31,38,-14.6,27,0,T,T,0
2004-03-01,69,37,53,9.8,12,0,0,0,0
2004-03-02,73,50,61.5,18.1,3,0,0.16,0,0
2004-03-03,67,49,58,14.3,7,0,0,0,0
2004-03-04,61,49,55,11.1,10,0,0.09,0,0
2004-03-05,77,48,62.5,18.3,2,0,T,0,0
2004-03-06,73,50,61.5,17,3,0,0.85,0,0
2004-03-07,60,43,51.5,6.8,13,0,0.15,0,0
2004-03-08,49,36,42.5,-2.5,22,0,T,0,0
2004-03-09,47,31,39,-6.3,26,0,T,0,0
2004-03-10,46,34,40,-5.6,25,0,0.01,T,0
2004-03-11,56,32,44,-1.9,21,0,0,0,0
2004-03-12,50,36,43,-3.2,22,0,0,0,0
2004-03-13,48,31,39.5,-6.9,25,0,0,0,0
2004-03-14,54,34,44,-2.7,21,0,0,0,0
2004-03-15,64,48,56,8.9,9,0,0,0,0
2004-03-16,51,36,43.5,-3.9,21,0,0.38,T,0
2004-03-17,41,34,37.5,-10.2,27,0,0.08,T,0
2004-03-18,49,34,41.5,-6.5,23,0,0.04,0,0
2004-03-19,50,38,44,-4.3,21,0,0.11,0,0
2004-03-20,62,33,47.5,-1.2,17,0,0.01,0,0
2004-03-21,62,33,47.5,-1.5,17,0,T,0,0
2004-03-22,41,28,34.5,-14.8,30,0,0,0,0
2004-03-23,51,26,38.5,-11.2,26,0,0,0,0
2004-03-24,63,34,48.5,-1.5,16,0,0,0,0
2004-03-25,70,47,58.5,8.1,6,0,0.06,0,0
2004-03-26,76,52,64,13.3,1,0,0,0,0
2004-03-27,70,56,63,11.9,2,0,0.09,0,0
2004-03-28,65,45,55,3.5,10,0,0,0,0
2004-03-29,53,40,46.5,-5.3,18,0,0,0,0
2004-03-30,48,38,43,-9.2,22,0,T,0,0
2004-03-31,53,44,48.5,-4.1,16,0,0.06,0,0
2005-03-01,41,30,35.5,-7.7,29,0,T,T,2
2005-03-02,37,27,32,-11.4,33,0,0,0,0
2005-03-03,38,25,31.5,-12.2,33,0,0,0,0
2005-03-04,45,23,34,-9.9,31,0,0,0,0
2005-03-05,47,33,40,-4.2,25,0,0,0,0
2005-03-06,57,29,43,-1.5,22,0,0,0,0
2005-03-07,70,41,55.5,10.8,9,0,0,0,0
2005-03-08,59,24,41.5,-3.5,23,0,0.66,0.8,0
2005-03-09,36,20,28,-17.3,37,0,0,0,1
2005-03-10,43,24,33.5,-12.1,31,0,T,T,0
2005-03-11,53,31,42,-3.9,23,0,0.02,0,0
2005-03-12,52,30,41,-5.2,24,0,0,0,0
2005-03-13,49,38,43.5,-2.9,21,0,0,0,0
2005-03-14,46,33,39.5,-7.2,25,0,0,0,0
2005-03-15,49,30,39.5,-7.6,25,0,0,0,0
2005-03-16,48,36,42,-5.4,23,0,0,0,0
2005-03-17,46,35,40.5,-7.2,24,0,0,0,0
2005-03-18,59,31,45,-3,20,0,0,0,0
2005-03-19,61,37,49,0.7,16,0,T,0,0
2005-03-20,56,44,50,1.3,15,0,0.25,0,0
2005-03-21,54,39,46.5,-2.5,18,0,0,0,0
2005-03-22,58,34,46,-3.3,19,0,0.01,0,0
2005-03-23,47,41,44,-5.7,21,0,1.85,0,0
2005-03-24,49,39,44,-6,21,0,0,0,0
2005-03-25,47,43,45,-5.4,20,0,0.06,0,0
2005-03-26,49,43,46,-4.7,19,0,0,0,0
2005-03-27,48,43,45.5,-5.6,19,0,0.11,0,0
2005-03-28,56,43,49.5,-2,15,0,1.5,0,0
2005-03-29,66,48,57,5.2,8,0,T,0,0
2005-03-30,65,43,54,1.8,11,0,0,0,0
2005-03-31,55,44,49.5,-3.1,15,0,0,0,0
2006-03-01,50,32,41,-2.2,24,0,0,0,0
2006-03-02,50,35,42.5,-0.9,22,0,0.03,0,0
2006-03-03,44,31,37.5,-6.2,27,0,T,T,0
2006-03-04,47,28,37.5,-6.4,27,0,0,0,0
2006-03-05,52,33,42.5,-1.7,22,0,0,0,0
2006-03-06,45,37,41,-3.5,24,0,0,0,0
2006-03-07,50,31,40.5,-4.2,24,0,0,0,0
2006-03-08,52,32,42,-3,23,0,T,0,0
2006-03-09,68,42,55,9.7,10,0,T,0,0
2006-03-10,78,56,67,21.4,0,2,T,0,0
2006-03-11,71,48,59.5,13.6,5,0,T,0,0
2006-03-12,71,54,62.5,16.3,2,0,T,0,0
2006-03-13,85,52,68.5,22.1,0,4,0,0,0
2006-03-14,75,43,59,12.3,6,0,T,0,0
2006-03-15,52,40,46,-1.1,19,0,0,0,0
2006-03-16,57,39,48,0.6,17,0,T,0,0
2006-03-17,52,41,46.5,-1.2,18,0,T,0,0
2006-03-18,48,30,39,-9,26,0,0,0,0
2006-03-19,53,28,40.5,-7.8,24,0,0,0,0
2006-03-20,48,33,40.5,-8.2,24,0,0,0,0
2006-03-21,41,30,35.5,-13.5,29,0,0.01,T,0
2006-03-22,47,32,39.5,-9.8,25,0,T,T,0
2006-03-23,51,32,41.5,-8.2,23,0,0,0,0
2006-03-24,53,38,45.5,-4.5,19,0,0,0,0
2006-03-25,54,37,45.5,-4.9,19,0,T,0,0
2006-03-26,53,35,44,-6.7,21,0,0,0,0
2006-03-27,58,38,48,-3.1,17,0,0,0,0
2006-03-28,63,43,53,1.5,12,0,0.01,0,0
2006-03-29,65,47,56,4.2,9,0,0,0,0
2006-03-30,69,42,55.5,3.3,9,0,0,0,0
2006-03-31,78,48,63,10.4,2,0,0,0,0
2007-03-01,56,36,46,2.8,19,0,0.19,0,0
2007-03-02,64,43,53.5,10.1,11,0,0.57,0,0
2007-03-03,60,35,47.5,3.8,17,0,0,0,0
2007-03-04,41,31,36,-7.9,29,0,0,0,0
2007-03-05,52,26,39,-5.2,26,0,0,0,0
2007-03-06,33,20,26.5,-18,38,0,0,0,0
2007-03-07,29,24,26.5,-18.2,38,0,0.15,1.8,0
2007-03-08,40,20,30,-15,35,0,0,0,1
2007-03-09,46,27,36.5,-8.8,28,0,0,0,0
2007-03-10,67,33,50,4.4,15,0,0.04,0,0
2007-03-11,59,41,50,4.1,15,0,0.05,0,0
2007-03-12,58,33,45.5,-0.7,19,0,0,0,0
2007-03-13,71,41,56,9.6,9,0,0,0,0
2007-03-14,81,50,65.5,18.8,0,1,T,0,0
2007-03-15,75,39,57,9.9,8,0,0.36,0,0
2007-03-16,41,30,35.5,-11.9,29,0,1.79,0.1,0
2007-03-17,36,29,32.5,-15.2,32,0,T,T,T
2007-03-18,44,29,36.5,-11.5,28,0,0,0,0
2007-03-19,56,28,42,-6.3,23,0,T,0,0
2007-03-20,63,43,53,4.3,12,0,0,0,0
2007-03-21,44,38,41,-8,24,0,T,0,0
2007-03-22,75,43,59,9.7,6,0,T,0,0
2007-03-23,78,53,65.5,15.8,0,1,T,0,0
2007-03-24,57,49,53,3,12,0,0.04,0,0
2007-03-25,63,43,53,2.6,12,0,0,0,0
2007-03-26,65,43,54,3.3,11,0,0,0,0
2007-03-27,83,52,67.5,16.4,0,3,0,0,0
2007-03-28,72,54,63,11.5,2,0,0,0,0
2007-03-29,63,43,53,1.2,12,0,0,0,0
2007-03-30,65,39,52,-0.2,13,0,0,0,0
2007-03-31,62,44,53,0.4,12,0,0,0,0
2008-03-01,52,37,44.5,1.3,20,0,T,0,0
2008-03-02,53,31,42,-1.4,23,0,0,0,0
2008-03-03,70,38,54,10.3,11,0,0,0,0
2008-03-04,72,55,63.5,19.6,1,0,0.39,0,0
2008-03-05,64,39,51.5,7.3,13,0,0.45,0,0
2008-03-06,57,37,47,2.5,18,0,0,0,0
2008-03-07,50,39,44.5,-0.2,20,0,0.59,0,0
2008-03-08,65,34,49.5,4.5,15,0,0.18,0,0
2008-03-09,46,29,37.5,-7.8,27,0,0,0,0
2008-03-10,51,33,42,-3.6,23,0,T,0,0
2008-03-11,54,38,46,0.1,19,0,T,0,0
2008-03-12,59,40,49.5,3.3,15,0,0,0,0
2008-03-13,62,36,49,2.6,16,0,0,0,0
2008-03-14,69,44,56.5,9.8,8,0,T,0,0
2008-03-15,63,49,56,8.9,9,0,0.03,0,0
2008-03-16,53,40,46.5,-0.9,18,0,0.57,0,0
2008-03-17,53,34,43.5,-4.2,21,0,0,0,0
2008-03-18,56,44,50,2,15,0,T,0,0
2008-03-19,70,51,60.5,12.2,4,0,0.51,0,0
2008-03-20,66,41,53.5,4.8,11,0,0.03,0,0
2008-03-21,58,39,48.5,-0.5,16,0,0,0,0
2008-03-22,51,40,45.5,-3.8,19,0,0,0,0
2008-03-23,51,34,42.5,-7.2,22,0,0,0,0
2008-03-24,52,37,44.5,-5.5,20,0,0,0,0
2008-03-25,54,34,44,-6.4,21,0,0,0,0
2008-03-26,71,48,59.5,8.8,5,0,0,0,0
2008-03-27,58,49,53.5,2.4,11,0,0.01,0,0
2008-03-28,74,46,60,8.5,5,0,0,0,0
2008-03-29,53,37,45,-6.8,20,0,0,0,0
2008-03-30,49,35,42,-10.2,23,0,0,0,0
2008-03-31,52,42,47,-5.6,18,0,0.04,0,0
2009-03-01,38,31,34.5,-8.7,30,0,0.25,1,T
2009-03-02,31,19,25,-18.4,40,0,0.25,4.5,3
2009-03-03,29,14,21.5,-22.2,43,0,0,0,4
2009-03-04,38,19,28.5,-15.4,36,0,0,0,2
2009-03-05,50,27,38.5,-5.7,26,0,0,0,T
2009-03-06,64,41,52.5,8,12,0,0,0,0
2009-03-07,71,42,56.5,11.8,8,0,0,0,0
2009-03-08,74,55,64.5,19.5,0,0,0,0,0
2009-03-09,68,44,56,10.7,9,0,0,0,0
2009-03-10,49,39,44,-1.6,21,0,0,0,0
2009-03-11,73,42,57.5,11.6,7,0,T,0,0
2009-03-12,49,37,43,-3.2,22,0,0,0,0
2009-03-13,42,34,38,-8.4,27,0,T,T,0
2009-03-14,45,36,40.5,-6.2,24,0,0.1,0,0
2009-03-15,44,39,41.5,-5.6,23,0,0.09,0,0
2009-03-16,49,41,45,-2.4,20,0,0.08,0,0
2009-03-17,53,41,47,-0.7,18,0,0.06,0,0
2009-03-18,62,39,50.5,2.5,14,0,0,0,0
2009-03-19,59,45,52,3.7,13,0,0.04,0,0
2009-03-20,49,32,40.5,-8.2,24,0,0,0,0
2009-03-21,51,29,40,-9,25,0,0,0,0
2009-03-22,62,34,48,-1.3,17,0,0,0,0
2009-03-23,52,35,43.5,-6.2,21,0,0,0,0
2009-03-24,50,28,39,-11,26,0,0,0,0
2009-03-25,51,34,42.5,-7.9,22,0,0,0,0
2009-03-26,50,40,45,-5.7,20,0,0.33,0,0
2009-03-27,62,44,53,1.9,12,0,0.17,0,0
2009-03-28,52,48,50,-1.5,15,0,0.52,0,0
2009-03-29,76,48,62,10.2,3,0,0.08,0,0
2009-03-30,58,44,51,-1.2,14,0,0,0,0
2009-03-31,61,38,49.5,-3.1,15,0,0,0,0
2010-03-01,50,37,43.5,0.3,21,0,0,0,0
2010-03-02,43,36,39.5,-3.9,25,0,0.06,T,0
2010-03-03,42,37,39.5,-4.2,25,0,T,0,0
2010-03-04,48,35,41.5,-2.4,23,0,0,0,0
2010-03-05,52,36,44,-0.2,21,0,0,0,0
2010-03-06,54,33,43.5,-1,21,0,0,0,0
2010-03-07,59,38,48.5,3.8,16,0,0,0,0
2010-03-08,62,37,49.5,4.5,15,0,0,0,0
2010-03-09,64,39,51.5,6.2,13,0,0,0,0
2010-03-10,65,43,54,8.4,11,0,0,0,0
2010-03-11,65,46,55.5,9.6,9,0,T,0,0
2010-03-12,55,48,51.5,5.3,13,0,0.61,0,0
2010-03-13,55,48,51.5,5.1,13,0,0.6,0,0
2010-03-14,52,49,50.5,3.8,14,0,0.31,0,0
2010-03-15,50,46,48,0.9,17,0,0.05,0,0
2010-03-16,64,45,54.5,7.1,10,0,0,0,0
2010-03-17,68,41,54.5,6.8,10,0,0,0,0
2010-03-18,71,41,56,8,9,0,0,0,0
2010-03-19,73,44,58.5,10.2,6,0,0,0,0
2010-03-20,74,46,60,11.3,5,0,0,0,0
2010-03-21,76,49,62.5,13.5,2,0,0,0,0
2010-03-22,65,51,58,8.7,7,0,0.53,0,0
2010-03-23,54,45,49.5,-0.2,15,0,0.01,0,0
2010-03-24,68,48,58,8,7,0,0,0,0
2010-03-25,74,47,60.5,10.1,4,0,0.02,0,0
2010-03-26,56,38,47,-3.7,18,0,0.32,0,0
2010-03-27,49,33,41,-10.1,24,0,0,0,0
2010-03-28,62,38,50,-1.5,15,0,0.8,0,0
2010-03-29,57,51,54,2.2,11,0,0.22,0,0
2010-03-30,57,45,51,-1.2,14,0,0.02,0,0
2010-03-31,71,49,60,7.4,5,0,T,0,0
2011-03-01,47,33,40,-3.2,25,0,0,0,0
2011-03-02,64,34,49,5.6,16,0,0,0,0
2011-03-03,41,27,34,-9.7,31,0,0,0,0
2011-03-04,50,30,40,-3.9,25,0,0,0,0
2011-03-05,60,41,50.5,6.3,14,0,T,0,0
2011-03-06,58,33,45.5,1,19,0,1.39,0,0
2011-03-07,48,33,40.5,-4.2,24,0,0.02,T,0
2011-03-08,52,32,42,-3,23,0,0,0,0
2011-03-09,48,36,42,-3.3,23,0,0.04,0,0
2011-03-10,56,46,51,5.4,14,0,1.41,0,0
2011-03-11,49,39,44,-1.9,21,0,0.02,0,0
2011-03-12,58,34,46,-0.2,19,0,0,0,0
2011-03-13,59,39,49,2.6,16,0,0,0,0
2011-03-14,53,37,45,-1.7,20,0,0,0,0
2011-03-15,51,35,43,-4.1,22,0,0.23,0,0
2011-03-16,57,41,49,1.6,16,0,0.41,0,0
2011-03-17,64,43,53.5,5.8,11,0,0,0,0
2011-03-18,80,48,64,16,1,0,0,0,0
2011-03-19,68,47,57.5,9.2,7,0,0,0,0
2011-03-20,54,38,46,-2.7,19,0,T,0,0
2011-03-21,70,43,56.5,7.5,8,0,0.19,0,0
2011-03-22,62,49,55.5,6.2,9,0,T,0,0
2011-03-23,52,44,48,-1.7,17,0,0.43,0,0
2011-03-24,44,37,40.5,-9.5,24,0,0.05,0,0
2011-03-25,49,32,40.5,-9.9,24,0,0,0,0
2011-03-26,47,32,39.5,-11.2,25,0,0,0,0
2011-03-27,46,31,38.5,-12.6,26,0,0.02,0.2,T
2011-03-28,47,31,39,-12.5,26,0,0,0,0
2011-03-29,51,34,42.5,-9.3,22,0,0,0,0
2011-03-30,48,38,43,-9.2,22,0,0.15,T,0
2011-03-31,42,37,39.5,-13.1,25,0,0.04,0,0
2012-03-01,70,46,58,14.8,7,0,0.05,0,0
2012-03-02,55,40,47.5,4.1,17,0,0.34,0,0
2012-03-03,63,48,55.5,11.8,9,0,0.16,0,0
2012-03-04,51,37,44,0.1,21,0,0,0,0
2012-03-05,46,32,39,-5.2,26,0,T,T,0
2012-03-06,49,29,39,-5.5,26,0,0,0,0
2012-03-07,67,40,53.5,8.8,11,0,0,0,0
2012-03-08,74,53,63.5,18.5,1,0,T,0,0
2012-03-09,67,41,54,8.7,11,0,0.01,0,0
2012-03-10,50,34,42,-3.6,23,0,0,0,0
2012-03-11,63,35,49,3.1,16,0,0,0,0
2012-03-12,72,45,58.5,12.3,6,0,0,0,0
2012-03-13,81,56,68.5,22.1,0,4,0.01,0,0
2012-03-14,81,54,67.5,20.8,0,3,0,0,0
2012-03-15,82,54,68,20.9,0,3,T,0,0
2012-03-16,59,51,55,7.6,10,0,0.02,0,0
2012-03-17,75,52,63.5,15.8,1,0,0,0,0
2012-03-18,68,52,60,12,5,0,T,0,0
2012-03-19,76,56,66,17.7,0,1,0.01,0,0
2012-03-20,72,62,67,18.3,0,2,0.11,0,0
2012-03-21,70,59,64.5,15.5,0,0,T,0,0
2012-03-22,78,59,68.5,19.2,0,4,T,0,0
2012-03-23,83,59,71,21.3,0,6,0,0,0
2012-03-24,67,54,60.5,10.5,4,0,0.1,0,0
2012-03-25,62,51,56.5,6.1,8,0,0.2,0,0
2012-03-26,60,42,51,0.3,14,0,0,0,0
2012-03-27,56,34,45,-6.1,20,0,0,0,0
2012-03-28,72,46,59,7.5,6,0,0.01,0,0
2012-03-29,70,50,60,8.2,5,0,0,0,0
2012-03-30,54,43,48.5,-3.7,16,0,T,0,0
2012-03-31,64,48,56,3.4,9,0,0,0,0
2013-03-01,46,38,42,-1.2,23,0,0,0,0
2013-03-02,39,32,35.5,-7.9,29,0,0,0,0
2013-03-03,44,30,37,-6.7,28,0,0,0,0
2013-03-04,46,30,38,-5.9,27,0,0,0,0
2013-03-05,53,32,42.5,-1.7,22,0,T,T,0
2013-03-06,41,34,37.5,-7,27,0,1.03,0.2,0
2013-03-07,52,37,44.5,-0.2,20,0,0,0,0
2013-03-08,52,38,45,0,20,0,0,0,0
2013-03-09,62,34,48,2.7,17,0,0,0,0
2013-03-10,63,37,50,4.4,15,0,0,0,0
2013-03-11,62,44,53,7.1,12,0,T,0,0
2013-03-12,60,42,51,4.8,14,0,0.83,0,0
2013-03-13,52,36,44,-2.4,21,0,T,0,0
2013-03-14,47,34,40.5,-6.2,24,0,0,0,0
2013-03-15,59,33,46,-1.1,19,0,0,0,0
2013-03-16,61,41,51,3.6,14,0,0.03,0,0
2013-03-17,43,37,40,-7.7,25,0,0,0,0
2013-03-18,40,33,36.5,-11.5,28,0,0.32,T,0
2013-03-19,60,39,49.5,1.2,15,0,0,0,0
2013-03-20,54,39,46.5,-2.2,18,0,0,0,0
2013-03-21,42,31,36.5,-12.5,28,0,T,T,0
2013-03-22,50,28,39,-10.3,26,0,0,0,0
2013-03-23,55,32,43.5,-6.2,21,0,0,0,0
2013-03-24,44,34,39,-11,26,0,0.04,T,0
2013-03-25,39,33,36,-14.4,29,0,0.52,1.4,1
2013-03-26,51,35,43,-7.7,22,0,0,0,0
2013-03-27,52,39,45.5,-5.6,19,0,0.01,0,0
2013-03-28,50,40,45,-6.5,20,0,T,0,0
2013-03-29,60,42,51,-0.8,14,0,0,0,0
2013-03-30,61,41,51,-1.2,14,0,0,0,0
2013-03-31,56,45,50.5,-2.1,14,0,0.02,0,0
2014-03-01,46,23,34.5,-8.7,30,0,0,0,0
2014-03-02,53,36,44.5,1.1,20,0,0.23,0,0
2014-03-03,38,17,27.5,-16.2,37,0,0.55,3.8,1
2014-03-04,33,14,23.5,-20.4,41,0,0,0,4
2014-03-05,46,24,35,-9.2,30,0,0,0,2
2014-03-06,36,26,31,-13.5,34,0,0,0,0
2014-03-07,46,31,38.5,-6.2,26,0,0,0,0
2014-03-08,67,32,49.5,4.5,15,0,0,0,0
2014-03-09,52,42,47,1.7,18,0,0,0,0
2014-03-10,61,39,50,4.4,15,0,0,0,0
2014-03-11,72,44,58,12.1,7,0,0,0,0
2014-03-12,69,33,51,4.8,14,0,0.04,0,0
2014-03-13,36,23,29.5,-16.9,35,0,0,0,0
2014-03-14,60,28,44,-2.7,21,0,0,0,0
2014-03-15,70,47,58.5,11.4,6,0,0,0,0
2014-03-16,48,31,39.5,-7.9,25,0,0.32,3.3,0
2014-03-17,32,27,29.5,-18.2,35,0,0.35,3.9,7
2014-03-18,43,31,37,-11,28,0,0,0,6
2014-03-19,44,35,39.5,-8.8,25,0,0.37,0,0
2014-03-20,61,43,52,3.3,13,0,0,0,0
2014-03-21,57,44,50.5,1.5,14,0,0,0,0
2014-03-22,73,44,58.5,9.2,6,0,0,0,0
2014-03-23,52,34,43,-6.7,22,0,0,0,0
2014-03-24,43,26,34.5,-15.5,30,0,0,0,0
2014-03-25,36,31,33.5,-16.9,31,0,0.29,1.7,T
2014-03-26,39,30,34.5,-16.2,30,0,T,T,T
2014-03-27,52,27,39.5,-11.6,25,0,0,0,0
2014-03-28,68,46,57,5.5,8,0,0.04,0,0
2014-03-29,63,53,58,6.2,7,0,1.02,0,0
2014-03-30,54,36,45,-7.2,20,0,1.05,T,0
2014-03-31,67,43,55,2.4,10,0,T,0,0
2015-03-01,34,24,29,-14.2,36,0,0.51,0.1,0
2015-03-02,46,33,39.5,-3.9,25,0,0,0,0
2015-03-03,41,31,36,-7.7,29,0,0.04,T,0
2015-03-04,51,39,45,1.1,20,0,0.34,0,0
2015-03-05,45,23,34,-10.2,31,0,0.87,4.8,0
2015-03-06,30,15,22.5,-22,42,0,0,0,5
2015-03-07,49,19,34,-10.7,31,0,0,0,4
2015-03-08,59,32,45.5,0.5,19,0,0,0,1
2015-03-09,62,37,49.5,4.2,15,0,0,0,0
2015-03-10,50,39,44.5,-1.1,20,0,0.44,0,0
2015-03-11,67,46,56.5,10.6,8,0,T,0,0
2015-03-12,60,43,51.5,5.3,13,0,0,0,0
2015-03-13,55,37,46,-0.4,19,0,0.01,0,0
2015-03-14,60,45,52.5,5.8,12,0,0.6,0,0
2015-03-15,58,44,51,3.9,14,0,0,0,0
2015-03-16,69,38,53.5,6.1,11,0,0,0,0
2015-03-17,73,40,56.5,8.8,8,0,0,0,0
2015-03-18,53,36,44.5,-3.5,20,0,0,0,0
2015-03-19,53,39,46,-2.3,19,0,0,0,0
2015-03-20,46,36,41,-7.7,24,0,0.49,T,0
2015-03-21,61,35,48,-1,17,0,0,0,0
2015-03-22,56,45,50.5,1.2,14,0,0,0,0
2015-03-23,51,36,43.5,-6.2,21,0,0,0,0
2015-03-24,47,37,42,-8,23,0,0,0,0
2015-03-25,54,35,44.5,-5.9,20,0,T,0,0
2015-03-26,77,49,63,12.3,2,0,0.35,0,0
2015-03-27,52,41,46.5,-4.6,18,0,0.36,0,0
2015-03-28,42,31,36.5,-15,28,0,0,0,0
2015-03-29,49,28,38.5,-13.3,26,0,0,0,0
2015-03-30,66,42,54,1.8,11,0,0.02,T,0
2015-03-31,73,43,58,5.4,7,0,0.01,0,0
2016-03-01,65,40,52.5,9.3,12,0,T,0,0
2016-03-02,60,31,45.5,2.1,19,0,0.1,0,0
2016-03-03,41,29,35,-8.7,30,0,0.02,T,0
2016-03-04,42,32,37,-6.9,28,0,0.05,0.3,T
2016-03-05,45,35,40,-4.2,25,0,0,0,0
2016-03-06,52,37,44.5,0,20,0,T,0,0
2016-03-07,66,36,51,6.3,14,0,0,0,0
2016-03-08,79,46,62.5,17.5,2,0,0,0,0
2016-03-09,79,47,63,17.7,2,0,0,0,0
2016-03-10,79,57,68,22.4,0,3,0,0,0
2016-03-11,73,57,65,19.1,0,0,T,0,0
2016-03-12,60,50,55,8.8,10,0,T,0,0
2016-03-13,60,49,54.5,8.1,10,0,0.26,0,0
2016-03-14,53,47,50,3.3,15,0,0.19,0,0
2016-03-15,65,47,56,8.9,9,0,0.03,0,0
2016-03-16,74,49,61.5,14.1,3,0,0.01,0,0
2016-03-17,69,49,59,11.3,6,0,T,0,0
2016-03-18,67,48,57.5,9.5,7,0,0,0,0
2016-03-19,57,38,47.5,-0.8,17,0,0.13,T,0
2016-03-20,44,37,40.5,-8.2,24,0,T,T,0
2016-03-21,53,37,45,-4,20,0,0,0,0
2016-03-22,62,35,48.5,-0.8,16,0,0,0,0
2016-03-23,75,53,64,14.3,1,0,0,0,0
2016-03-24,77,50,63.5,13.5,1,0,0,0,0
2016-03-25,72,49,60.5,10.1,4,0,0.03,0,0
2016-03-26,62,41,51.5,0.8,13,0,0,0,0
2016-03-27,57,48,52.5,1.4,12,0,0.02,0,0
2016-03-28,70,49,59.5,8,5,0,0.32,0,0
2016-03-29,60,46,53,1.2,12,0,0,0,0
2016-03-30,63,41,52,-0.2,13,0,0,0,0
2016-03-31,74,54,64,11.4,1,0,T,0,0
2017-03-01,80,56,68,24.8,0,3,0.02,0,0
2017-03-02,63,40,51.5,8.1,13,0,0.01,0,0
2017-03-03,44,31,37.5,-6.2,27,0,T,T,0
2017-03-04,44,26,35,-8.9,30,0,0,0,0
2017-03-05,40,23,31.5,-12.7,33,0,0,0,0
2017-03-06,54,33,43.5,-1,21,0,T,0,0
2017-03-07,71,47,59,14.3,6,0,0.07,0,0
2017-03-08,68,50,59,14,6,0,0.01,0,0
2017-03-09,74,47,60.5,15.2,4,0,0,0,0
2017-03-10,60,31,45.5,-0.1,19,0,0.09,T,0
2017-03-11,40,26,33,-12.9,32,0,0,0,0
2017-03-12,43,27,35,-11.2,30,0,0,0,0
2017-03-13,46,28,37,-9.4,28,0,0.34,1.1,0
2017-03-14,39,26,32.5,-14.2,32,0,0.89,0.9,2
2017-03-15,33,22,27.5,-19.6,37,0,0,0,1
2017-03-16,42,24,33,-14.4,32,0,0,0,1
2017-03-17,52,29,40.5,-7.2,24,0,0.01,0,T
2017-03-18,59,40,49.5,1.5,15,0,0.37,0,0
2017-03-19,54,36,45,-3.3,20,0,0.26,T,0
2017-03-20,54,37,45.5,-3.2,19,0,0,0,0
2017-03-21,63,46,54.5,5.5,10,0,T,0,0
2017-03-22,59,37,48,-1.3,17,0,0,0,0
2017-03-23,48,30,39,-10.7,26,0,0,0,0
2017-03-24,62,36,49,-1,16,0,0.13,0,0
2017-03-25,78,54,66,15.6,0,1,0,0,0
2017-03-26,56,47,51.5,0.8,13,0,T,0,0
2017-03-27,76,46,61,9.9,4,0,0.01,0,0
2017-03-28,74,57,65.5,14,0,1,0.02,0,0
2017-03-29,67,52,59.5,7.7,5,0,T,0,0
2017-03-30,55,46,50.5,-1.7,14,0,0,0,0
2017-03-31,54,45,49.5,-3.1,15,0,0.96,0,0
2018-03-01,59,49,54,10.8,11,0,0.09,0,0
2018-03-02,54,39,46.5,3.1,18,0,0.01,T,0
2018-03-03,53,36,44.5,0.8,20,0,0,0,0
2018-03-04,53,35,44,0.1,21,0,0,0,0
2018-03-05,49,31,40,-4.2,25,0,0,0,0
2018-03-06,46,33,39.5,-5,25,0,0.3,0.4,0
2018-03-07,51,34,42.5,-2.2,22,0,0.03,T,0
2018-03-08,46,34,40,-5,25,0,0,0,0
2018-03-09,46,33,39.5,-5.8,25,0,0,0,0
2018-03-10,49,31,40,-5.6,25,0,0,0,0
2018-03-11,52,31,41.5,-4.4,23,0,0,0,0
2018-03-12,46,34,40,-6.2,25,0,0.01,T,0
2018-03-13,47,33,40,-6.4,25,0,0,0,0
2018-03-14,44,32,38,-8.7,27,0,0,0,0
2018-03-15,55,31,43,-4.1,22,0,0,0,0
2018-03-16,47,34,40.5,-6.9,24,0,T,T,0
2018-03-17,46,32,39,-8.7,26,0,T,0,0
2018-03-18,59,34,46.5,-1.5,18,0,0,0,0
2018-03-19,56,36,46,-2.3,19,0,0,0,0
2018-03-20,43,32,37.5,-11.2,27,0,0.87,T,0
2018-03-21,36,32,34,-15,31,0,0.49,4.1,T
2018-03-22,49,34,41.5,-7.8,23,0,T,T,2
2018-03-23,51,35,43,-6.7,22,0,0,0,0
2018-03-24,52,33,42.5,-7.5,22,0,0,0,0
2018-03-25,48,34,41,-9.4,24,0,0,0,0
2018-03-26,50,34,42,-8.7,23,0,0,0,0
2018-03-27,48,34,41,-10.1,24,0,0.02,0,0
2018-03-28,58,43,50.5,-1,14,0,0.1,0,0
2018-03-29,78,48,63,11.2,2,0,0,0,0
2018-03-30,77,45,61,8.8,4,0,T,0,0
2018-03-31,61,39,50,-2.6,15,0,0,0,0
2019-03-01,39,34,36.5,-6.7,28,0,0.64,0.3,T
2019-03-02,49,36,42.5,-0.9,22,0,0.05,0,0
2019-03-03,47,37,42,-1.7,23,0,0.52,T,0
2019-03-04,43,30,36.5,-7.4,28,0,0.01,0,0
2019-03-05,43,27,35,-9.2,30,0,0,0,0
2019-03-06,34,22,28,-16.5,37,0,0,0,0
2019-03-07,45,25,35,-9.7,30,0,0,0,0
2019-03-08,41,32,36.5,-8.5,28,0,0.21,T,0
2019-03-09,43,35,39,-6.3,26,0,0.07,0,0
2019-03-10,60,40,50,4.4,15,0,0.41,0,0
2019-03-11,62,48,55,9.1,10,0,0,0,0
2019-03-12,53,39,46,-0.2,19,0,0,0,0
2019-03-13,60,34,47,0.6,18,0,0,0,0
2019-03-14,75,46,60.5,13.8,4,0,0,0,0
2019-03-15,78,57,67.5,20.4,0,3,T,0,0
2019-03-16,57,42,49.5,2.1,15,0,0,0,0
2019-03-17,54,37,45.5,-2.2,19,0,0,0,0
2019-03-18,51,40,45.5,-2.5,19,0,T,0,0
2019-03-19,54,35,44.5,-3.8,20,0,0,0,0
2019-03-20,57,38,47.5,-1.2,17,0,T,0,0
2019-03-21,49,43,46,-3,19,0,1.96,0,0
2019-03-22,55,39,47,-2.3,18,0,0.09,T,0
2019-03-23,55,37,46,-3.7,19,0,0,0,0
2019-03-24,66,35,50.5,0.5,14,0,0,0,0
2019-03-25,65,45,55,4.6,10,0,T,0,0
2019-03-26,52,39,45.5,-5.2,19,0,0,0,0
2019-03-27,55,35,45,-6.1,20,0,0,0,0
2019-03-28,62,37,49.5,-2,15,0,0,0,0
2019-03-29,71,51,61,9.2,4,0,0,0,0
2019-03-30,79,52,65.5,13.3,0,1,0,0,0
2019-03-31,64,35,49.5,-3.1,15,0,0.04,0,0
2020-03-01,52,26,39,-4.2,26,0,0,0,0
2020-03-02,67,38,52.5,9.1,12,0,0.09,0,0
2020-03-03,65,45,55,11.3,10,0,0.07,0,0
2020-03-04,65,46,55.5,11.6,9,0,0,0,0
2020-03-05,54,41,47.5,3.3,17,0,0,0,0
2020-03-06,53,37,45,0.5,20,0,T,0,0
2020-03-07,53,39,46,1.3,19,0,T,0,0
2020-03-08,62,36,49,4,16,0,0,0,0
2020-03-09,74,43,58.5,13.2,6,0,0,0,0
2020-03-10,72,54,63,17.4,2,0,0.01,0,0
2020-03-11,57,45,51,5.1,14,0,T,0,0
2020-03-12,64,46,55,8.8,10,0,0,0,0
2020-03-13,77,51,64,17.6,1,0,0.22,0,0
2020-03-14,58,42,50,3.3,15,0,0.12,0,0
2020-03-15,51,41,46,-1.1,19,0,0.04,0,0
2020-03-16,55,38,46.5,-0.9,18,0,0,0,0
2020-03-17,64,44,54,6.3,11,0,0.01,0,0
2020-03-18,58,44,51,3,14,0,0.08,0,0
2020-03-19,75,49,62,13.7,3,0,0.33,0,0
2020-03-20,83,57,70,21.3,0,5,0.02,0,0
2020-03-21,69,47,58,9,7,0,0.08,0,0
2020-03-22,53,40,46.5,-2.8,18,0,0,0,0
2020-03-23,47,41,44,-5.7,21,0,0.36,0,0
2020-03-24,55,44,49.5,-0.5,15,0,0,0,0
2020-03-25,50,44,47,-3.4,18,0,0.29,0,0
2020-03-26,59,45,52,1.3,13,0,0,0,0
2020-03-27,70,51,60.5,9.4,4,0,0.01,0,0
2020-03-28,59,51,55,3.5,10,0,0.46,0,0
2020-03-29,71,51,61,9.2,4,0,T,0,0
2020-03-30,76,53,64.5,12.3,0,0,0,0,0
2020-03-31,56,43,49.5,-3.1,15,0,0.12,0,0
2021-03-01,52,40,46,2.8,19,0,0.29,0,0
2021-03-02,46,31,38.5,-4.9,26,0,0,0,0
2021-03-03,60,30,45,1.3,20,0,0,0,0
2021-03-04,56,34,45,1.1,20,0,0,0,0
2021-03-05,44,28,36,-8.2,29,0,0,0,0
2021-03-06,49,29,39,-5.5,26,0,0,0,0
2021-03-07,48,28,38,-6.7,27,0,0,0,0
2021-03-08,55,29,42,-3,23,0,0,0,0
2021-03-09,72,37,54.5,9.2,10,0,0,0,0
2021-03-10,73,44,58.5,12.9,6,0,0,0,0
2021-03-11,79,52,65.5,19.6,0,1,0,0,0
2021-03-12,71,53,62,15.8,3,0,T,0,0
2021-03-13,60,46,53,6.6,12,0,0,0,0
2021-03-14,66,44,55,8.3,10,0,0,0,0
2021-03-15,48,32,40,-7.1,25,0,0,0,0
2021-03-16,46,40,43,-4.4,22,0,T,0,0
2021-03-17,50,42,46,-1.7,19,0,T,0,0
2021-03-18,54,47,50.5,2.5,14,0,0.37,0,0
2021-03-19,51,40,45.5,-2.8,19,0,0,0,0
2021-03-20,59,32,45.5,-3.2,19,0,0,0,0
2021-03-21,64,36,50,1,15,0,0,0,0
2021-03-22,66,37,51.5,2.2,13,0,0,0,0
2021-03-23,69,45,57,7.3,8,0,0,0,0
2021-03-24,60,54,57,7,8,0,1.69,0,0
2021-03-25,66,55,60.5,10.1,4,0,T,0,0
2021-03-26,84,58,71,20.3,0,6,T,0,0
2021-03-27,71,51,61,9.9,4,0,0,0,0
2021-03-28,74,50,62,10.5,3,0,0.53,0,0
2021-03-29,61,44,52.5,0.7,12,0,0,0,0
2021-03-30,69,45,57,4.8,8,0,0,0,0
2021-03-31,66,51,58.5,5.9,6,0,0.92,0,0
2022-03-01,55,32,43.5,0.3,21,0,0,0,0
2022-03-02,63,40,51.5,8.1,13,0,0,0,0
2022-03-03,57,35,46,2.3,19,0,0,0,0
2022-03-04,48,28,38,-5.9,27,0,0,0,0
2022-03-05,61,36,48.5,4.3,16,0,0,0,0
2022-03-06,78,50,64,19.5,1,0,T,0,0
2022-03-07,80,54,67,22.3,0,2,0.03,0,0
2022-03-08,54,44,49,4,16,0,0,0,0
2022-03-09,47,40,43.5,-1.8,21,0,0.77,0,0
2022-03-10,53,36,44.5,-1.1,20,0,0,0,0
2022-03-11,63,38,50.5,4.6,14,0,0,0,0
2022-03-12,50,24,37,-9.2,28,0,0.58,0.9,0
2022-03-13,44,21,32.5,-13.9,32,0,0,0,T
2022-03-14,61,32,46.5,-0.2,18,0,0,0,0
2022-03-15,71,42,56.5,9.4,8,0,0,0,0
2022-03-16,73,45,59,11.6,6,0,0,0,0
2022-03-17,61,50,55.5,7.8,9,0,0.86,0,0
2022-03-18,74,47,60.5,12.5,4,0,0,0,0
2022-03-19,76,57,66.5,18.2,0,2,T,0,0
2022-03-20,62,50,56,7.3,9,0,T,0,0
2022-03-21,71,44,57.5,8.5,7,0,0,0,0
2022-03-22,71,47,59,9.7,6,0,0,0,0
2022-03-23,55,49,52,2.3,13,0,0.49,0,0
2022-03-24,57,51,54,4,11,0,0.02,0,0
2022-03-25,64,49,56.5,6.1,8,0,0,0,0
2022-03-26,54,41,47.5,-3.2,17,0,T,0,0
2022-03-27,46,32,39,-12.1,26,0,0,0,0
2022-03-28,42,28,35,-16.5,30,0,0,0,0
2022-03-29,48,25,36.5,-15.3,28,0,0,0,0
2022-03-30,60,35,47.5,-4.7,17,0,0.02,T,0
2022-03-31,75,51,63,10.4,2,0,T,0,0
2023-03-01,57,40,48.5,5.3,16,0,0,0,0
2023-03-02,67,48,57.5,14.1,7,0,0.05,0,0
2023-03-03,53,41,47,3.3,18,0,0.32,T,0
2023-03-04,59,41,50,6.1,15,0,0,0,0
2023-03-05,66,37,51.5,7.3,13,0,0,0,0
2023-03-06,58,40,49,4.5,16,0,0,0,0
2023-03-07,55,40,47.5,2.8,17,0,0,0,0
2023-03-08,54,35,44.5,-0.5,20,0,0,0,0
2023-03-09,57,36,46.5,1.2,18,0,0,0,0
2023-03-10,47,41,44,-1.6,21,0,0.19,0,0
2023-03-11,50,38,44,-1.9,21,0,0,0,0
2023-03-12,43,33,38,-8.2,27,0,0.04,0,0
2023-03-13,51,39,45,-1.4,20,0,0.03,0,0
2023-03-14,45,33,39,-7.7,26,0,T,T,0
2023-03-15,52,33,42.5,-4.6,22,0,0,0,0
2023-03-16,65,34,49.5,2.1,15,0,0,0,0
2023-03-17,62,48,55,7.3,10,0,0.02,0,0
2023-03-18,54,41,47.5,-0.5,17,0,T,0,0
2023-03-19,43,29,36,-12.3,29,0,0,0,0
2023-03-20,53,30,41.5,-7.2,23,0,0,0,0
2023-03-21,64,34,49,0,16,0,0,0,0
2023-03-22,68,48,58,8.7,7,0,0,0,0
2023-03-23,84,50,67,17.3,0,2,T,0,0
2023-03-24,72,43,57.5,7.5,7,0,0.72,0,0
2023-03-25,54,44,49,-1.4,16,0,0.21,0,0
2023-03-26,71,47,59,8.3,6,0,0,0,0
2023-03-27,61,46,53.5,2.4,11,0,0.02,0,0
2023-03-28,61,46,53.5,2,11,0,T,0,0
2023-03-29,61,43,52,0.2,13,0,0,0,0
2023-03-30,54,37,45.5,-6.7,19,0,0,0,0
2023-03-31,67,42,54.5,1.9,10,0,T,0,0
2024-03-01,54,33,43.5,0.3,21,0,0.04,0,0
2024-03-02,55,42,48.5,5.1,16,0,0.73,0,0
2024-03-03,65,43,54,10.3,11,0,0,0,0
2024-03-04,69,49,59,15.1,6,0,0.07,0,0
2024-03-05,59,48,53.5,9.3,11,0,0.52,0,0
2024-03-06,56,50,53,8.5,12,0,0.19,0,0
2024-03-07,65,50,57.5,12.8,7,0,0.01,0,0
2024-03-08,61,46,53.5,8.5,11,0,0,0,0
2024-03-09,54,44,49,3.7,16,0,0.81,0,0
2024-03-10,51,40,45.5,-0.1,19,0,0.02,T,0
2024-03-11,58,40,49,3.1,16,0,0,0,0
2024-03-12,75,42,58.5,12.3,6,0,0,0,0
2024-03-13,75,46,60.5,14.1,4,0,0,0,0
2024-03-14,77,47,62,15.3,3,0,0,0,0
2024-03-15,76,57,66.5,19.4,0,2,0.02,0,0
2024-03-16,66,48,57,9.6,8,0,0,0,0
2024-03-17,73,50,61.5,13.8,3,0,0,0,0
2024-03-18,53,38,45.5,-2.5,19,0,0,0,0
2024-03-19,53,35,44,-4.3,21,0,0,0,0
2024-03-20,70,40,55,6.3,10,0,0,0,0
2024-03-21,51,32,41.5,-7.5,23,0,0,0,0
2024-03-22,52,35,43.5,-5.8,21,0,0.02,0,0
2024-03-23,56,37,46.5,-3.2,18,0,1.61,0,0
2024-03-24,53,33,43,-7,22,0,0,0,0
2024-03-25,57,36,46.5,-3.9,18,0,0,0,0
2024-03-26,61,39,50,-0.7,15,0,T,0,0
2024-03-27,50,46,48,-3.1,17,0,0.78,0,0
2024-03-28,54,48,51,-0.5,14,0,0.06,0,0
2024-03-29,65,40,52.5,0.7,12,0,0,0,0
2024-03-30,67,40,53.5,1.3,11,0,0.01,0,0
2024-03-31,67,47,57,4.4,8,0,T,0,0
2025-03-01,69,30,49.5,6.3,15,0,0,0,0
2025-03-02,42,23,32.5,-10.9,32,0,0,0,0
2025-03-03,47,30,38.5,-5.2,26,0,0,0,0
2025-03-04,65,36,50.5,6.6,14,0,0,0,0
2025-03-05,63,53,58,13.8,7,0,0.7,0,0
2025-03-06,57,41,49,4.5,16,0,T,0,0
2025-03-07,57,38,47.5,2.8,17,0,0,0,0
2025-03-08,54,39,46.5,1.5,18,0,0,0,0
2025-03-09,62,34,48,2.7,17,0,0,0,0
2025-03-10,67,42,54.5,8.9,10,0,0,0,0
2025-03-11,73,41,57,11.1,8,0,0,0,0
2025-03-12,67,45,56,9.8,9,0,0,0,0
2025-03-13,54,45,49.5,3.1,15,0,T,0,0
2025-03-14,51,44,47.5,0.8,17,0,0,0,0
2025-03-15,61,46,53.5,6.4,11,0,T,0,0
2025-03-16,74,55,64.5,17.1,0,0,0.21,0,0
2025-03-17,59,41,50,2.3,15,0,0.07,0,0
2025-03-18,69,39,54,6,11,0,0,0,0
2025-03-19,76,44,60,11.7,5,0,0,0,0
2025-03-20,79,51,65,16.3,0,0,0.37,0,0
2025-03-21,61,41,51,2,14,0,0,0,0
2025-03-22,69,45,57,7.7,8,0,T,0,0
2025-03-23,60,40,50,0.3,15,0,0,0,0
2025-03-24,60,49,54.5,4.5,10,0,0.14,0,0
2025-03-25,66,51,58.5,8.1,6,0,0,0,0
2025-03-26,56,42,49,-1.7,16,0,0,0,0
2025-03-27,61,38,49.5,-1.6,15,0,0,0,0
2025-03-28,75,47,61,9.5,4,0,T,0,0
2025-03-29,86,60,73,21.2,0,8,0,0,M
2025-03-30,83,65,74,21.8,0,9,0,0,M
2025-03-31,85,61,73,20.4,0,8,1,0,M
2007-04-01,60,48,54,1.1,11,0,T,0,0
2007-04-02,82,51,66.5,13.2,0,2,0.01,0,0
2007-04-03,77,49,63,9.3,2,0,0,0,0
2007-04-04,58,44,51,-3.1,14,0,0.29,0,0
2007-04-05,47,37,42,-12.5,23,0,0,0,0
2007-04-06,48,34,41,-13.8,24,0,T,T,0
2007-04-07,41,31,36,-19.2,29,0,0.09,0.4,T
2007-04-08,46,29,37.5,-18.1,27,0,0,0,0
2007-04-09,48,31,39.5,-16.5,25,0,0,0,0
2007-04-10,52,35,43.5,-12.8,21,0,0,0,0
2007-04-11,54,36,45,-11.7,20,0,0.27,0,0
2007-04-12,61,45,53,-4.1,12,0,0.74,0,0
2007-04-13,57,44,50.5,-6.9,14,0,0,0,0
2007-04-14,56,38,47,-10.8,18,0,0.15,0,0
2007-04-15,48,43,45.5,-12.7,19,0,2.41,0,0
2007-04-16,47,42,44.5,-14,20,0,T,0,0
2007-04-17,56,45,50.5,-8.4,14,0,0,0,0
2007-04-18,54,42,48,-11.2,17,0,0,0,0
2007-04-19,56,47,51.5,-8.1,13,0,T,0,0
2007-04-20,71,42,56.5,-3.4,8,0,0,0,0
2007-04-21,76,45,60.5,0.3,4,0,0,0,0
2007-04-22,81,47,64,3.4,1,0,0,0,0
2007-04-23,83,54,68.5,7.6,0,4,0,0,0
2007-04-24,83,61,72,10.8,0,7,0,0,0
2007-04-25,76,57,66.5,5,0,2,T,0,0
2007-04-26,60,51,55.5,-6.3,9,0,0.04,0,0
2007-04-27,69,50,59.5,-2.6,5,0,0.17,0,0
2007-04-28,70,57,63.5,1.1,1,0,T,0,0
2007-04-29,76,50,63,0.3,2,0,0,0,0
2007-04-30,86,52,69,6,0,4,0,0,0
2019-04-01,51,34,42.5,-10.4,22,0,0,0,0
2019-04-02,50,39,44.5,-8.8,20,0,0.04,0,0
2019-04-03,72,38,55,1.3,10,0,0,0,0
2019-04-04,69,44,56.5,2.4,8,0,0,0,0
2019-04-05,56,47,51.5,-3,13,0,0.09,0,0
2019-04-06,71,47,59,4.2,6,0,T,0,0
2019-04-07,75,51,63,7.8,2,0,T,0,0
2019-04-08,84,59,71.5,15.9,0,7,0.03,0,0
2019-04-09,81,61,71,15,0,6,0.01,0,0
2019-04-10,72,50,61,4.7,4,0,0,0,0
2019-04-11,62,49,55.5,-1.2,9,0,0,0,0
2019-04-12,73,49,61,3.9,4,0,0.05,0,0
2019-04-13,77,63,70,12.6,0,5,0.37,0,0
2019-04-14,77,63,70,12.2,0,5,T,0,0
2019-04-15,75,47,61,2.8,4,0,0.72,0,0
2019-04-16,69,44,56.5,-2,8,0,0,0,0
2019-04-17,71,56,63.5,4.6,1,0,0,0,0
2019-04-18,80,55,67.5,8.3,0,3,0,0,0
2019-04-19,76,66,71,11.4,0,6,0.31,0,0
2019-04-20,74,61,67.5,7.6,0,3,T,0,0
2019-04-21,72,52,62,1.8,3,0,T,0,0
2019-04-22,74,55,64.5,3.9,0,0,0,0,0
2019-04-23,82,54,68,7.1,0,3,0,0,0
2019-04-24,77,64,70.5,9.3,0,6,0,0,0
2019-04-25,77,62,69.5,8,0,5,T,0,0
2019-04-26,77,58,67.5,5.7,0,3,0.59,0,0
2019-04-27,72,54,63,0.9,2,0,0.03,0,0
2019-04-28,74,51,62.5,0.1,2,0,T,0,0
2019-04-29,62,47,54.5,-8.2,10,0,T,0,0
2019-04-30,83,56,69.5,6.5,0,5,0,0,0
2009-04-01,61,45,53,0.1,12,0,0.18,0,0
2009-04-02,59,53,56,2.7,9,0,0.14,0,0
2009-04-03,73,56,64.5,10.8,0,0,0.63,0,0
2009-04-04,66,47,56.5,2.4,8,0,0,0,0
2009-04-05,69,44,56.5,2,8,0,0,0,0
2009-04-06,63,43,53,-1.8,12,0,0.15,0,0
2009-04-07,49,38,43.5,-11.7,21,0,0,0,0
2009-04-08,56,36,46,-9.6,19,0,0,0,0
2009-04-09,63,41,52,-4,13,0,0,0,0
2009-04-10,75,47,61,4.7,4,0,0,0,0
2009-04-11,60,46,53,-3.7,12,0,0.4,0,0
2009-04-12,56,38,47,-10.1,18,0,0,0,0
2009-04-13,54,39,46.5,-10.9,18,0,0.02,0,0
2009-04-14,50,45,47.5,-10.3,17,0,0.44,0,0
2009-04-15,50,42,46,-12.2,19,0,0.56,0,0
2009-04-16,65,40,52.5,-6,12,0,0,0,0
2009-04-17,72,42,57,-1.9,8,0,0,0,0
2009-04-18,78,47,62.5,3.3,2,0,0,0,0
2009-04-19,75,50,62.5,2.9,2,0,T,0,0
2009-04-20,60,49,54.5,-5.4,10,0,1.19,0,0
2009-04-21,68,49,58.5,-1.7,6,0,0.36,0,0
2009-04-22,59,46,52.5,-8.1,12,0,0.04,0,0
2009-04-23,63,46,54.5,-6.4,10,0,0,0,0
2009-04-24,75,43,59,-2.2,6,0,0,0,0
2009-04-25,87,55,71,9.5,0,6,0.01,0,0
2009-04-26,92,60,76,14.2,0,11,0,0,0
2009-04-27,88,63,75.5,13.4,0,11,0,0,0
2009-04-28,84,64,74,11.6,0,9,0,0,0
2009-04-29,72,51,61.5,-1.2,3,0,0.1,0,0
2009-04-30,62,50,56,-7,9,0,T,0,0
2003-04-01,63,32,47.5,-5.4,17,0,T,0,0
2003-04-02,80,45,62.5,9.2,2,0,0,0,0
2003-04-03,83,51,67,13.3,0,2,0,0,0
2003-04-04,54,46,50,-4.1,15,0,0,0,0
2003-04-05,59,45,52,-2.5,13,0,T,0,0
2003-04-06,56,40,48,-6.8,17,0,0,0,0
2003-04-07,48,37,42.5,-12.7,22,0,0.68,0,0
2003-04-08,41,37,39,-16.6,26,0,T,0,0
2003-04-09,46,38,42,-14,23,0,0.51,0,0
2003-04-10,52,42,47,-9.3,18,0,0.07,0,0
2003-04-11,48,40,44,-12.7,21,0,0.18,0,0
2003-04-12,70,48,59,1.9,6,0,0,0,0
2003-04-13,66,44,55,-2.4,10,0,0,0,0
2003-04-14,69,43,56,-1.8,9,0,0,0,0
2003-04-15,83,50,66.5,8.3,0,2,0,0,0
2003-04-16,85,57,71,12.5,0,6,0,0,0
2003-04-17,71,40,55.5,-3.4,9,0,0,0,0
2003-04-18,47,39,43,-16.2,22,0,0.12,0,0
2003-04-19,62,46,54,-5.6,11,0,0.01,0,0
2003-04-20,67,44,55.5,-4.4,9,0,0,0,0
2003-04-21,68,49,58.5,-1.7,6,0,T,0,0
2003-04-22,67,48,57.5,-3.1,7,0,0.15,0,0
2003-04-23,63,45,54,-6.9,11,0,0,0,0
2003-04-24,66,43,54.5,-6.7,10,0,0,0,0
2003-04-25,69,49,59,-2.5,6,0,0.37,0,0
2003-04-26,63,56,59.5,-2.3,5,0,0.33,0,0
2003-04-27,71,51,61,-1.1,4,0,0,0,0
2003-04-28,76,47,61.5,-0.9,3,0,0,0,0
2003-04-29,76,57,66.5,3.8,0,2,T,0,0
2003-04-30,74,54,64,1,1,0,0.13,0,0
2002-04-01,61,46,53.5,0.6,11,0,0,0,0
2002-04-02,71,42,56.5,3.2,8,0,0,0,0
2002-04-03,76,42,59,5.3,6,0,T,0,0
2002-04-04,53,36,44.5,-9.6,20,0,0,0,0
2002-04-05,51,38,44.5,-10,20,0,0,0,0
2002-04-06,48,35,41.5,-13.3,23,0,0,0,0
2002-04-07,54,32,43,-12.2,22,0,0,0,0
2002-04-08,71,43,57,1.4,8,0,0,0,0
2002-04-09,76,60,68,12,0,3,0.27,0,0
2002-04-10,67,50,58.5,2.2,6,0,T,0,0
2002-04-11,67,46,56.5,-0.2,8,0,0,0,0
2002-04-12,65,49,57,-0.1,8,0,T,0,0
2002-04-13,76,58,67,9.6,0,2,0.01,0,0
2002-04-14,83,62,72.5,14.7,0,8,0,0,0
2002-04-15,86,63,74.5,16.3,0,10,0.05,0,0
2002-04-16,92,65,78.5,20,0,14,0,0,0
2002-04-17,95,65,80,21.1,0,15,0,0,0
2002-04-18,91,67,79,19.8,0,14,0.31,0,0
2002-04-19,83,64,73.5,13.9,0,9,0.51,0,0
2002-04-20,81,62,71.5,11.6,0,7,0.03,0,0
2002-04-21,63,47,55,-5.2,10,0,0.24,0,0
2002-04-22,69,47,58,-2.6,7,0,0.36,0,0
2002-04-23,58,41,49.5,-11.4,15,0,0,0,0
2002-04-24,64,41,52.5,-8.7,12,0,0,0,0
2002-04-25,65,49,57,-4.5,8,0,0.13,0,0
2002-04-26,65,46,55.5,-6.3,9,0,0,0,0
2002-04-27,65,44,54.5,-7.6,10,0,0.19,0,0
2002-04-28,75,54,64.5,2.1,0,0,1.37,0,0
2002-04-29,66,50,58,-4.7,7,0,0,0,0
2002-04-30,71,45,58,-5,7,0,0,0,0
2018-04-01,67,50,58.5,5.6,6,0,0,0,0
2018-04-02,54,42,48,-5.3,17,0,0.02,0,0
2018-04-03,56,44,50,-3.7,15,0,0.01,0,0
2018-04-04,73,42,57.5,3.4,7,0,T,0,0
2018-04-05,56,34,45,-9.5,20,0,0,0,0
2018-04-06,72,44,58,3.2,7,0,0,0,0
2018-04-07,67,37,52,-3.2,13,0,T,T,0
2018-04-08,51,34,42.5,-13.1,22,0,0,0,0
2018-04-09,46,38,42,-14,23,0,0.02,0,0
2018-04-10,55,38,46.5,-9.8,18,0,T,0,0
2018-04-11,57,43,50,-6.7,15,0,0,0,0
2018-04-12,78,45,61.5,4.4,3,0,0,0,0
2018-04-13,86,60,73,15.6,0,8,0,0,0
2018-04-14,85,63,74,16.2,0,9,0,0,0
2018-04-15,69,48,58.5,0.3,6,0,0.13,0,0
2018-04-16,62,45,53.5,-5,11,0,1.88,0,0
2018-04-17,49,40,44.5,-14.4,20,0,0,0,0
2018-04-18,62,36,49,-10.2,16,0,0,0,0
2018-04-19,59,43,51,-8.6,14,0,0.03,0,0
2018-04-20,61,38,49.5,-10.4,15,0,0,0,0
2018-04-21,63,42,52.5,-7.7,12,0,0,0,0
2018-04-22,67,48,57.5,-3.1,7,0,0,0,0
2018-04-23,69,50,59.5,-1.4,5,0,0,0,0
2018-04-24,63,55,59,-2.2,6,0,0.46,0,0
2018-04-25,67,55,61,-0.5,4,0,0.32,0,0
2018-04-26,73,50,61.5,-0.3,3,0,0,0,0
2018-04-27,64,54,59,-3.1,6,0,0.72,0,0
2018-04-28,78,51,64.5,2.1,0,0,T,0,0
2018-04-29,58,45,51.5,-11.2,13,0,0,0,0
2018-04-30,73,41,57,-6,8,0,0,0,0
2001-04-01,49,44,46.5,-6.4,18,0,0.05,0,0
2001-04-02,58,40,49,-4.3,16,0,0,0,0
2001-04-03,62,36,49,-4.7,16,0,0,0,0
2001-04-04,60,45,52.5,-1.6,12,0,0,0,0
2001-04-05,64,40,52,-2.5,13,0,0,0,0
2001-04-06,70,49,59.5,4.7,5,0,0.13,0,0
2001-04-07,67,47,57,1.8,8,0,T,0,0
2001-04-08,70,45,57.5,1.9,7,0,T,0,0
2001-04-09,89,53,71,15,0,6,0.16,0,0
2001-04-10,68,53,60.5,4.2,4,0,0.29,0,0
2001-04-11,55,51,53,-3.7,12,0,0.49,0,0
2001-04-12,77,53,65,7.9,0,0,T,0,0
2001-04-13,79,58,68.5,11.1,0,4,0.06,0,0
2001-04-14,73,53,63,5.2,2,0,0,0,0
2001-04-15,71,50,60.5,2.3,4,0,0.16,0,0
2001-04-16,55,43,49,-9.5,16,0,0.18,0,0
2001-04-17,52,39,45.5,-13.4,19,0,0.02,0,0
2001-04-18,51,37,44,-15.2,21,0,0.14,T,0
2001-04-19,62,34,48,-11.6,17,0,0,0,0
2001-04-20,69,44,56.5,-3.4,8,0,0,0,0
2001-04-21,72,55,63.5,3.3,1,0,T,0,0
2001-04-22,87,58,72.5,11.9,0,8,0,0,0
2001-04-23,84,60,72,11.1,0,7,0,0,0
2001-04-24,86,55,70.5,9.3,0,6,T,0,0
2001-04-25,57,46,51.5,-10,13,0,0,0,0
2001-04-26,66,41,53.5,-8.3,11,0,0,0,0
2001-04-27,79,43,61,-1.1,4,0,T,0,0
2001-04-28,67,52,59.5,-2.9,5,0,0,0,0
2001-04-29,66,45,55.5,-7.2,9,0,0,0,0
2001-04-30,75,45,60,-3,5,0,0,0,0
2013-04-01,68,41,54.5,1.6,10,0,T,0,0
2013-04-02,51,39,45,-8.3,20,0,0,0,0
2013-04-03,54,33,43.5,-10.2,21,0,0,0,0
2013-04-04,50,31,40.5,-13.6,24,0,0.14,0,0
2013-04-05,67,39,53,-1.5,12,0,0.12,0,0
2013-04-06,59,40,49.5,-5.3,15,0,0,0,0
2013-04-07,71,42,56.5,1.3,8,0,0,0,0
2013-04-08,80,53,66.5,10.9,0,2,0,0,0
2013-04-09,86,60,73,17,0,8,0,0,0
2013-04-10,91,63,77,20.7,0,12,0,0,0
2013-04-11,86,57,71.5,14.8,0,7,0,0,0
2013-04-12,75,53,64,6.9,1,0,0.8,0,0
2013-04-13,70,49,59.5,2.1,5,0,0,0,0
2013-04-14,69,48,58.5,0.7,6,0,0,0,0
2013-04-15,63,57,60,1.8,5,0,T,0,0
2013-04-16,74,56,65,6.5,0,0,0,0,0
2013-04-17,81,61,71,12.1,0,6,T,0,0
2013-04-18,78,61,69.5,10.3,0,5,0.06,0,0
2013-04-19,79,52,65.5,5.9,0,1,1.37,0,0
2013-04-20,62,48,55,-4.9,10,0,0.01,0,0
2013-04-21,56,42,49,-11.2,16,0,0,0,0
2013-04-22,57,41,49,-11.6,16,0,0,0,0
2013-04-23,63,48,55.5,-5.4,9,0,0,0,0
2013-04-24,79,48,63.5,2.3,1,0,T,0,0
2013-04-25,65,47,56,-5.5,9,0,0.01,0,0
2013-04-26,68,47,57.5,-4.3,7,0,0,0,0
2013-04-27,73,49,61,-1.1,4,0,0,0,0
2013-04-28,68,51,59.5,-2.9,5,0,T,0,0
2013-04-29,62,54,58,-4.7,7,0,0.23,0,0
2013-04-30,62,56,59,-4,6,0,0.02,0,0
2005-04-01,64,46,55,2.1,10,0,0.3,0,0
2005-04-02,62,43,52.5,-0.8,12,0,1.79,0,0
2005-04-03,53,40,46.5,-7.2,18,0,0.13,0,0
2005-04-04,66,42,54,-0.1,11,0,0,0,0
2005-04-05,69,41,55,0.5,10,0,0,0,0
2005-04-06,82,52,67,12.2,0,2,0,0,0
2005-04-07,76,60,68,12.8,0,3,0.12,0,0
2005-04-08,64,52,58,2.4,7,0,0.21,0,0
2005-04-09,65,47,56,0,9,0,0,0,0
2005-04-10,71,44,57.5,1.2,7,0,0,0,0
2005-04-11,69,48,58.5,1.8,6,0,0,0,0
2005-04-12,55,43,49,-8.1,16,0,0.01,0,0
2005-04-13,62,45,53.5,-3.9,11,0,T,0,0
2005-04-14,66,42,54,-3.8,11,0,0,0,0
2005-04-15,57,44,50.5,-7.7,14,0,0,0,0
2005-04-16,62,41,51.5,-7,13,0,0,0,0
2005-04-17,74,40,57,-1.9,8,0,0,0,0
2005-04-18,78,52,65,5.8,0,0,0,0,0
2005-04-19,85,53,69,9.4,0,4,T,0,0
2005-04-20,86,57,71.5,11.6,0,7,0,0,0
2005-04-21,75,53,64,3.8,1,0,0.12,0,0
2005-04-22,54,51,52.5,-8.1,12,0,0.16,0,0
2005-04-23,70,47,58.5,-2.4,6,0,0.32,0,0
2005-04-24,50,43,46.5,-14.7,18,0,T,0,0
2005-04-25,64,40,52,-9.5,13,0,T,0,0
2005-04-26,70,46,58,-3.8,7,0,T,0,0
2005-04-27,69,54,61.5,-0.6,3,0,T,0,0
2005-04-28,69,50,59.5,-2.9,5,0,0,0,0
2005-04-29,60,51,55.5,-7.2,9,0,0.01,0,0
2005-04-30,68,56,62,-1,3,0,1.16,0,0
2014-04-01,67,44,55.5,2.6,9,0,0,0,0
2014-04-02,69,45,57,3.7,8,0,0,0,0
2014-04-03,69,53,61,7.3,4,0,T,0,0
2014-04-04,63,50,56.5,2.4,8,0,0.06,0,0
2014-04-05,60,46,53,-1.5,12,0,0,0,0
2014-04-06,63,39,51,-3.8,14,0,0,0,0
2014-04-07,54,42,48,-7.2,17,0,0.38,0,0
2014-04-08,68,51,59.5,3.9,5,0,0.04,0,0
2014-04-09,69,44,56.5,0.5,8,0,0,0,0
2014-04-10,72,45,58.5,2.2,6,0,0,0,0
2014-04-11,82,60,71,14.3,0,6,T,0,0
2014-04-12,77,57,67,9.9,0,2,0,0,0
2014-04-13,85,55,70,12.6,0,5,0,0,0
2014-04-14,80,65,72.5,14.7,0,8,0.06,0,0
2014-04-15,72,38,55,-3.2,10,0,1.47,T,0
2014-04-16,51,34,42.5,-16,22,0,0,0,0
2014-04-17,56,39,47.5,-11.4,17,0,0,0,0
2014-04-18,57,39,48,-11.2,17,0,0,0,0
2014-04-19,71,47,59,-0.6,6,0,0,0,0
2014-04-20,64,48,56,-3.9,9,0,0,0,0
2014-04-21,70,43,56.5,-3.7,8,0,0,0,0
2014-04-22,72,52,62,1.4,3,0,0.03,0,0
2014-04-23,61,49,55,-5.9,10,0,0,0,0
2014-04-24,66,45,55.5,-5.7,9,0,0,0,0
2014-04-25,69,48,58.5,-3,6,0,0.39,0,0
2014-04-26,78,50,64,2.2,1,0,0.02,0,0
2014-04-27,70,50,60,-2.1,5,0,0,0,0
2014-04-28,62,50,56,-6.4,9,0,0.11,0,0
2014-04-29,52,44,48,-14.7,17,0,1.21,0,0
2014-04-30,67,52,59.5,-3.5,5,0,2.7,0,0
2015-04-01,61,40,50.5,-2.4,14,0,0,0,0
2015-04-02,74,42,58,4.7,7,0,0,0,0
2015-04-03,73,61,67,13.3,0,2,0.19,0,0
2015-04-04,68,45,56.5,2.4,8,0,0.05,0,0
2015-04-05,69,40,54.5,0,10,0,0,0,0
2015-04-06,77,48,62.5,7.7,2,0,0,0,0
2015-04-07,73,53,63,7.8,2,0,0.17,0,0
2015-04-08,53,45,49,-6.6,16,0,0.13,0,0
2015-04-09,50,45,47.5,-8.5,17,0,0.04,0,0
2015-04-10,68,45,56.5,0.2,8,0,0.01,0,0
2015-04-11,68,51,59.5,2.8,5,0,0,0,0
2015-04-12,70,43,56.5,-0.6,8,0,0,0,0
2015-04-13,80,52,66,8.6,0,1,0,0,0
2015-04-14,67,54,60.5,2.7,4,0,0.64,0,0
2015-04-15,68,52,60,1.8,5,0,T,0,0
2015-04-16,74,52,63,4.5,2,0,0.04,0,0
2015-04-17,79,59,69,10.1,0,4,0.03,0,0
2015-04-18,84,61,72.5,13.3,0,8,0,0,0
2015-04-19,69,55,62,2.4,3,0,0.37,0,0
2015-04-20,82,57,69.5,9.6,0,5,0.77,0,0
2015-04-21,71,54,62.5,2.3,2,0,0.16,0,0
2015-04-22,74,51,62.5,1.9,2,0,T,0,0
2015-04-23,60,45,52.5,-8.4,12,0,0,0,0
2015-04-24,63,39,51,-10.2,14,0,0,0,0
2015-04-25,53,45,49,-12.5,16,0,0.27,0,0
2015-04-26,67,45,56,-5.8,9,0,0,0,0
2015-04-27,62,47,54.5,-7.6,10,0,T,0,0
2015-04-28,72,48,60,-2.4,5,0,0,0,0
2015-04-29,78,52,65,2.3,0,0,0,0,0
2015-04-30,74,56,65,2,0,0,0.54,T,0